State,Total Doses Delivered,Doses Delivered per 100K,18+ Doses Delivered per 100K,Total Doses Administered by State where Administered,Doses Administered per 100k by State where Administered,18+ Doses Administered by State where Administered,18+ Doses Administered per 100K by State where Administered,People with at least One Dose by State of Residence,Percent of Total Pop with at least One Dose by State of Residence,People 18+ with at least One Dose by State of Residence,Percent of 18+ Pop with at least One Dose by State of Residence,People Fully Vaccinated by State of Residence,Percent of Total Pop Fully Vaccinated by State of Residence,People 18+ Fully Vaccinated by State of Residence,Percent of 18+ Pop Fully Vaccinated by State of Residence,Total Number of Pfizer doses delivered,Total Number of Moderna doses delivered,Total Number of Janssen doses delivered,Total Number of doses from unknown manufacturer delivered,Total Number of Janssen doses administered,Total Number of Moderna doses administered,Total Number of Pfizer doses adminstered,Total Number of doses from unknown manufacturer administered,People Fully Vaccinated Moderna Resident,People Fully Vaccinated Pfizer Resident,People Fully Vaccinated Janssen Resident,People Fully Vaccinated Unknown 2-dose manufacturer Resident,People 18+ Fully Vaccinated Moderna Resident,People 18+ Fully Vaccinated Pfizer Resident,People 18+ Fully Vaccinated Janssen Resident,People 18+ Fully Vaccinated Unknown 2-dose manufacturer Resident,People with 2 Doses by State of Residence,Percent of Total Pop with 1+ Doses by State of Residence,People 18+ with 1+ Doses by State of Residence,Percent of 18+ Pop with 1+ Doses by State of Residence,Percent of Total Pop with 2 Doses by State of Residence,People 18+ with 2 Doses by State of Residence,Percent of 18+ Pop with 2 Doses by State of Residence,People with 1+ Doses by State of Residence,People 65+ with at least One Dose by State of Residence,Percent of 65+ Pop with at least One Dose by State of Residence,People 65+ Fully Vaccinated by State of Residence,Percent of 65+ Pop Fully Vaccinated by State of Residence,People 65+ Fully Vaccinated_Moderna_Resident,People 65+ Fully Vaccinated_Pfizer_Resident,People 65+ Fully Vaccinated_Janssen_Resident,People 65+ Fully Vaccinated_Unknown 2-dose Manuf_Resident,65+ Doses Administered by State where Administered,Doses Administered per 100k of 65+ pop by State where Administered,Doses Delivered per 100k of 65+ pop,People 12+ with at least One Dose by State of Residence,Percent of 12+ Pop with at least One Dose by State of Residence,People 12+ Fully Vaccinated by State of Residence,Percent of 12+ Pop Fully Vaccinated by State of Residence,People 12+ Fully Vaccinated_Moderna_Resident,People 12+ Fully Vaccinated_Pfizer_Resident,People 12+ Fully Vaccinated_Janssen_Resident,People 12+ Fully Vaccinated_Unknown 2-dose Manuf_Resident,12+ Doses Administered by State where Administered,Doses Administered per 100k of 12+ pop by State where Administered,Doses Delivered per 100k of 12+ pop,People who have received a booster dose,Percent of fully vaccinated people with booster doses,People 18+ who have received a booster dose,Percent of fully vaccinated people 18+ with booster doses,People 50+ who have received a booster dose,Percent of fully vaccinated people 50+ with booster doses,People 65+ who have received a booster dose,Percent of fully vaccinated people 65+ with booster doses,People with Moderna booster dose,People with Pfizer booster dose,People with Janssen booster dose,People with booster dose of an unknown manufacturer,Total Count People w/Booster Primary Pfizer Minus TX,Total Count People w/Booster Primary Moderna Minus TX,Total Count People w/Booster Primary J&J Minus TX,Total Count People w/Booster Primary Unknown Minus TX,Total Count People w/Booster Booster Pfizer Minus TX,Total Count People w/Booster Booster Moderna Minus TX,Total Count People w/Booster Booster J&J Minus TX,Total Count People w/Booster Booster Unknown Minus TX,Count People Primary Pfizer Booster Pfizer,Count People Primary Pfizer Booster Moderna,Count People Primary Pfizer Booster J&J,Count People Primary Pfizer Booster Uknown,Count People Primary Moderna Booster Pfizer,Count People Primary Moderna Booster Moderna,Count People Primary Moderna Booster J&J,Count People Primary Moderna Booster Uknown,Count People Primary J&J Booster Pfizer,Count People Primary J&J Booster Moderna,Count People Primary J&J Booster J&J,Count People Primary J&J Booster Unknown,Count People Primary Unknown Booster Pfizer,Count People Primary Unknown Booster Moderna,Count People Primary Unknown Booster J&J,Count People Primary Unknown Booster Unknown,Percent People Primary Pfizer Booster Pfizer,Percent People Primary Pfizer Booster Moderna,Percent People Primary Pfizer Booster J&J,Percent People Primary Pfizer Booster Unknown,Percent People Primary Moderna Booster Pfizer,Percent People Primary Moderna Booster Moderna,Percent People Primary Moderna Booster J&J,Percent People Primary Moderna Booster Unknown,Percent People Primary J&J Booster Pfizer,Percent People Primary J&J Booster Moderna,Percent People Primary J&J Booster J&J,Percent People Primary J&J Booster Unknown,Percent People Primary Unknown Booster Pfizer,Percent People Primary Unknown Booster Moderna,Percent People Primary Unknown Booster J&J,Percent People Primary Unknown Booster Uknown
Alaska,1213565,165891,220023,891194,121824,829163,150330,438180,59.9,405230,73.5,387489,53,359428,65.2,629625,469340,76200,38400,37204,345315,507992,683,145994,206953,34466,76,145604,179424,34329,71,354143,59.9,405230,73.5,48.4,326216,59.1,438180,82203,89.8,75631,82.6,41758,30567,3274,32,183397,200241,1325030,436820,71.7,386616,63.5,145990,206086,34464,76,888940,145997,199312,68161,17.6,67947,18.9,48752,28.7,29980,39.6,24118,43603,429,11,N/A,N/A,N/A,N/A,N/A,N/A,N/A,N/A,N/A,N/A,N/A,N/A,N/A,N/A,N/A,N/A,N/A,N/A,N/A,N/A,N/A,N/A,N/A,N/A,N/A,N/A,N/A,N/A,N/A,N/A,N/A,N/A,N/A,N/A,N/A,N/A,N/A,N/A,N/A,N/A
Alabama,7423960,151411,194605,4960880,101177,4710759,123484,2693121,54.9,2551121,66.9,2211121,45.1,2102851,55.1,3717360,3308000,341000,57600,146739,2172620,2641323,198,941507,1122767,146370,477,941065,1015023,146287,476,2074049,54.9,2551121,66.9,42.3,1965859,51.5,2693121,759936,89.4,656624,77.3,347879,273492,34938,315,1537335,180898,873575,2692699,64.3,2211030,52.8,941496,1122696,146361,477,4960404,118475,177315,269030,12.2,268648,12.8,230198,18.3,172504,26.3,110103,156014,2902,11,N/A,N/A,N/A,N/A,N/A,N/A,N/A,N/A,N/A,N/A,N/A,N/A,N/A,N/A,N/A,N/A,N/A,N/A,N/A,N/A,N/A,N/A,N/A,N/A,N/A,N/A,N/A,N/A,N/A,N/A,N/A,N/A,N/A,N/A,N/A,N/A,N/A,N/A,N/A,N/A
Arkansas,4599360,152408,198449,3323664,110135,3103578,133911,1765028,58.5,1641521,70.8,1460131,48.4,1362921,58.8,2294100,1980060,215400,109800,103787,1420629,1794992,4256,616364,741248,101742,777,615259,645695,101225,742,1363291,58.5,1641521,70.8,45.2,1266567,54.6,1765028,467733,89.3,399326,76.2,224258,159963,14675,430,971265,185398,877938,1759972,68.8,1458616,57,616353,739865,101623,775,3317163,129716,179856,199269,13.6,199027,14.6,162335,21.1,120353,30.1,74267,123320,1302,380,N/A,N/A,N/A,N/A,N/A,N/A,N/A,N/A,N/A,N/A,N/A,N/A,N/A,N/A,N/A,N/A,N/A,N/A,N/A,N/A,N/A,N/A,N/A,N/A,N/A,N/A,N/A,N/A,N/A,N/A,N/A,N/A,N/A,N/A,N/A,N/A,N/A,N/A,N/A,N/A
Arizona,11101560,152521,196889,8971868,123262,8370262,148449,4491173,61.7,4169285,73.9,3894266,53.5,3628589,64.4,5982900,4414260,529200,175200,307876,3570150,5076444,17398,1499792,2094227,295327,4920,1499179,1829649,294900,4861,3611037,61.7,4169285,73.9,49.6,3345774,59.3,4491173,1198135,91.6,1056030,80.7,511934,494366,47072,2658,2687166,205341,848333,4489714,72.3,3893869,62.7,1499767,2094097,295086,4919,8970246,144540,178883,458658,11.8,457712,12.6,381228,19.3,290510,27.5,136410,319050,2993,205,N/A,N/A,N/A,N/A,N/A,N/A,N/A,N/A,N/A,N/A,N/A,N/A,N/A,N/A,N/A,N/A,N/A,N/A,N/A,N/A,N/A,N/A,N/A,N/A,N/A,N/A,N/A,N/A,N/A,N/A,N/A,N/A,N/A,N/A,N/A,N/A,N/A,N/A,N/A,N/A
California,65359485,165416,213470,55428001,140281,51209992,167257,29752762,75.3,27414407,89.5,24408625,61.8,22526614,73.6,36663345,24507340,3125100,1063700,1975972,20853488,32559210,39331,8807203,13661834,1935234,4354,8781683,11813274,1927649,4008,22619414,75.3,27414407,89.5,57.2,20744885,67.8,29752762,6127918,99.9,4884322,83.7,2452686,2238684,191629,1323,12487886,213903,1119530,29646936,88.1,24359556,72.4,8806769,13613591,1934860,4336,55272826,164276,194255,2881021,11.8,2878026,12.8,2224382,20.9,1564960,32,1003229,1845889,31325,578,N/A,N/A,N/A,N/A,N/A,N/A,N/A,N/A,N/A,N/A,N/A,N/A,N/A,N/A,N/A,N/A,N/A,N/A,N/A,N/A,N/A,N/A,N/A,N/A,N/A,N/A,N/A,N/A,N/A,N/A,N/A,N/A,N/A,N/A,N/A,N/A,N/A,N/A,N/A,N/A
Colorado,9272295,161013,206087,7938860,137858,7387381,164193,3930440,68.3,3636675,80.8,3573208,62,3316952,73.7,5119995,3588000,420700,143600,290553,3087392,4550097,10818,1341122,1949510,280857,1719,1337442,1698204,279649,1657,3325486,68.3,3636675,80.8,57.7,3070381,68.2,3930440,796011,94.5,731778,86.9,349395,356645,25125,613,1860295,220830,1100680,3913590,79.3,3565035,72.2,1341101,1941388,280830,1716,7913650,160323,187848,587405,16.4,586626,17.7,444080,28.7,317808,43.4,212779,368738,5762,126,N/A,N/A,N/A,N/A,N/A,N/A,N/A,N/A,N/A,N/A,N/A,N/A,N/A,N/A,N/A,N/A,N/A,N/A,N/A,N/A,N/A,N/A,N/A,N/A,N/A,N/A,N/A,N/A,N/A,N/A,N/A,N/A,N/A,N/A,N/A,N/A,N/A,N/A,N/A,N/A
Connecticut,6388425,179184,225115,5548684,155631,5145441,181315,2849557,79.9,2634989,92.9,2533601,71.1,2349411,82.8,3461205,2534720,301000,91500,215480,2035076,3294913,3215,897909,1422984,212261,447,897446,1239550,212082,333,2337148,79.9,2634989,92.9,65.6,2153122,75.9,2849557,673638,99.9,589962,93.6,232163,336679,21021,99,1489141,236280,1013640,2846331,91.6,2533061,81.6,897643,1422795,212180,443,5544873,178524,205684,346189,13.7,345954,14.7,299180,23.7,227727,38.6,115202,228300,2456,231,N/A,N/A,N/A,N/A,N/A,N/A,N/A,N/A,N/A,N/A,N/A,N/A,N/A,N/A,N/A,N/A,N/A,N/A,N/A,N/A,N/A,N/A,N/A,N/A,N/A,N/A,N/A,N/A,N/A,N/A,N/A,N/A,N/A,N/A,N/A,N/A,N/A,N/A,N/A,N/A
District of Columbia,1351495,191498,233992,1096980,155435,1054836,182630,536901,76.1,510396,88.4,445095,63.1,426040,73.8,755235,517160,62300,16800,32143,402233,662145,459,159824,249089,35878,304,159756,230142,35857,285,412864,76.1,510396,88.4,58.5,393828,68.2,536901,88065,99.9,75594,86.5,40383,32555,2596,60,213536,244480,1547340,536718,88,445041,73,159817,249048,35875,301,1096874,179888,221646,44765,10.1,44708,10.5,29732,17.9,20757,27.5,15267,29283,208,7,N/A,N/A,N/A,N/A,N/A,N/A,N/A,N/A,N/A,N/A,N/A,N/A,N/A,N/A,N/A,N/A,N/A,N/A,N/A,N/A,N/A,N/A,N/A,N/A,N/A,N/A,N/A,N/A,N/A,N/A,N/A,N/A,N/A,N/A,N/A,N/A,N/A,N/A,N/A,N/A
Delaware,1763365,181088,228951,1324364,136005,1240994,161128,677424,69.6,635170,82.5,585901,60.2,549992,71.4,962205,700060,78900,22200,52341,503739,766674,1610,213094,320607,51685,515,212971,284885,51629,507,536815,69.6,635170,82.5,55.1,500957,65,677424,193678,99.9,169919,89.9,69622,90630,9390,277,417301,220904,933462,677227,80.6,585847,69.8,213083,320573,51676,515,1324128,157671,209973,72942,12.4,72878,13.3,64403,19.9,50933,30,22669,49927,339,7,N/A,N/A,N/A,N/A,N/A,N/A,N/A,N/A,N/A,N/A,N/A,N/A,N/A,N/A,N/A,N/A,N/A,N/A,N/A,N/A,N/A,N/A,N/A,N/A,N/A,N/A,N/A,N/A,N/A,N/A,N/A,N/A,N/A,N/A,N/A,N/A,N/A,N/A,N/A,N/A
Florida,36186955,168486,209806,29053471,135272,27481285,159332,14933856,69.5,14081782,81.6,12904395,60.1,12207127,70.8,19834395,14049160,1989900,313500,1266920,10829061,16850590,106900,4540725,7093639,1238442,31589,4538944,6399955,1236874,31354,11721745,69.5,14081782,81.6,54.6,11025992,63.9,14933856,4464682,99.3,3896791,86.6,1879190,1795929,202877,18795,9809687,218122,804631,14925462,79.8,12902591,69,4540004,7093367,1237635,31585,29044096,155349,193554,1586941,12.3,1585242,13,1410836,19.6,1113425,28.6,633071,937537,14009,2324,N/A,N/A,N/A,N/A,N/A,N/A,N/A,N/A,N/A,N/A,N/A,N/A,N/A,N/A,N/A,N/A,N/A,N/A,N/A,N/A,N/A,N/A,N/A,N/A,N/A,N/A,N/A,N/A,N/A,N/A,N/A,N/A,N/A,N/A,N/A,N/A,N/A,N/A,N/A,N/A
Georgia,16334095,153842,201319,11707936,110271,10989276,135444,6083219,57.3,5674286,69.9,5161287,48.6,4850410,59.8,8651295,6667700,714200,300900,289847,4662782,6741523,13784,2002433,2869797,285273,3784,2001569,2560508,284837,3496,4890793,57.3,5674286,69.9,46.1,4580293,56.5,6083219,1362826,89.8,1208265,79.7,658654,514775,33078,1758,2989010,197040,1076770,6078812,67.6,5160655,57.4,2002374,2869391,285162,3728,11703060,130206,181730,567996,11,567232,11.7,469228,18.3,339530,28.1,229289,334697,3687,323,N/A,N/A,N/A,N/A,N/A,N/A,N/A,N/A,N/A,N/A,N/A,N/A,N/A,N/A,N/A,N/A,N/A,N/A,N/A,N/A,N/A,N/A,N/A,N/A,N/A,N/A,N/A,N/A,N/A,N/A,N/A,N/A,N/A,N/A,N/A,N/A,N/A,N/A,N/A,N/A
Hawaii,2656240,187605,238013,2006186,141693,1876860,168177,1126178,79.5,1045999,93.7,851175,60.1,800045,71.7,1510980,986960,108500,49800,53146,642779,1214440,95821,273395,506040,53600,18140,272786,455701,53435,18123,798661,79.5,1045999,93.7,56.4,747693,67,1126178,287994,99.9,235697,87.8,96961,127054,10265,1417,561354,209111,989480,1120614,92.5,849654,70.2,273344,504617,53564,18129,1999830,165124,219323,88590,10.4,88463,11.1,70099,16,51352,21.8,16437,71755,396,2,N/A,N/A,N/A,N/A,N/A,N/A,N/A,N/A,N/A,N/A,N/A,N/A,N/A,N/A,N/A,N/A,N/A,N/A,N/A,N/A,N/A,N/A,N/A,N/A,N/A,N/A,N/A,N/A,N/A,N/A,N/A,N/A,N/A,N/A,N/A,N/A,N/A,N/A,N/A,N/A
Iowa,4836315,153287,199170,3838670,121667,3610257,148679,1895233,60.1,1775054,73.1,1761869,55.8,1655439,68.2,2625495,1879420,241700,89700,152982,1523152,2161269,1267,678813,933915,148893,248,678618,827765,148811,245,1620951,60.1,1775054,73.1,51.4,1514596,62.4,1895233,524859,94.9,497981,90.1,261375,222761,13737,108,1211331,219065,874632,1894283,70.8,1761843,65.8,678808,933896,148891,248,3837747,143399,180710,302615,17.2,302373,18.3,255972,27.2,196004,39.4,115239,185444,1920,12,N/A,N/A,N/A,N/A,N/A,N/A,N/A,N/A,N/A,N/A,N/A,N/A,N/A,N/A,N/A,N/A,N/A,N/A,N/A,N/A,N/A,N/A,N/A,N/A,N/A,N/A,N/A,N/A,N/A,N/A,N/A,N/A,N/A,N/A,N/A,N/A,N/A,N/A,N/A,N/A
Idaho,2562020,143365,191358,1771023,99102,1769746,132183,885581,49.6,883046,66,791498,44.3,789777,59,1381860,997760,134100,48300,71206,710549,986756,2512,304690,416252,69941,615,304665,414584,69919,609,725427,49.6,883046,66,40.6,723728,54.1,885581,260672,89.7,241734,83.2,111049,118990,11434,261,587952,202275,881419,0,0,0,0,0,0,0,0,0,0,0,139097,17.6,139095,17.6,115918,26.1,87362,36.1,46783,91147,1131,36,N/A,N/A,N/A,N/A,N/A,N/A,N/A,N/A,N/A,N/A,N/A,N/A,N/A,N/A,N/A,N/A,N/A,N/A,N/A,N/A,N/A,N/A,N/A,N/A,N/A,N/A,N/A,N/A,N/A,N/A,N/A,N/A,N/A,N/A,N/A,N/A,N/A,N/A,N/A,N/A
Illinois,19974915,157633,202710,16628163,131222,15439515,156684,8406002,66.3,7777024,78.9,7719338,60.9,7154787,72.6,11252955,7439460,1003500,279000,575065,6003009,10030228,19861,2687114,4455821,569900,6503,2679460,3901603,567357,6367,7187698,66.3,7777024,78.9,56.7,6625658,67.2,8406002,1909287,93.4,1765998,86.4,790415,893492,79049,3042,4210522,206072,977614,8381055,77.3,7702642,71.1,2686998,4439303,569839,6502,16586073,153039,184308,1057863,13.7,1056716,14.8,838656,22.8,606209,34.3,348027,702258,7186,392,N/A,N/A,N/A,N/A,N/A,N/A,N/A,N/A,N/A,N/A,N/A,N/A,N/A,N/A,N/A,N/A,N/A,N/A,N/A,N/A,N/A,N/A,N/A,N/A,N/A,N/A,N/A,N/A,N/A,N/A,N/A,N/A,N/A,N/A,N/A,N/A,N/A,N/A,N/A,N/A
Indiana,9418680,139905,182383,7373135,109520,6944446,134472,3645063,54.1,3416710,66.2,3370358,50.1,3176232,61.5,5226000,3510480,508200,174000,267901,2683393,4396052,25789,1197573,1905038,260187,7560,1197266,1711562,259928,7476,3126693,54.1,3416710,66.2,46.4,2932787,56.8,3645063,963148,88.7,921372,84.9,451446,436746,29494,3686,2229984,205388,867487,3640090,63.8,3370157,59.1,1197558,1904874,260165,7560,7368081,129150,165094,468037,13.9,467482,14.7,401527,22.2,308089,33.4,139134,324371,4258,274,N/A,N/A,N/A,N/A,N/A,N/A,N/A,N/A,N/A,N/A,N/A,N/A,N/A,N/A,N/A,N/A,N/A,N/A,N/A,N/A,N/A,N/A,N/A,N/A,N/A,N/A,N/A,N/A,N/A,N/A,N/A,N/A,N/A,N/A,N/A,N/A,N/A,N/A,N/A,N/A
Kansas,4421735,151777,199801,3426858,117627,3194470,144346,1842609,63.2,1714866,77.5,1561245,53.6,1455469,65.8,2326875,1772760,226700,95400,114180,1330052,1979577,3049,589209,860473,111033,530,588867,755213,110929,460,1456325,63.2,1714866,77.5,50,1350647,61,1842609,493649,99.9,411406,86.5,196224,197443,17507,232,997993,209889,929938,1841060,75.1,1561208,63.7,589201,860452,111025,530,3425317,139712,180354,205511,13.2,205223,14.1,168985,21.4,127530,31,70714,133174,1558,65,N/A,N/A,N/A,N/A,N/A,N/A,N/A,N/A,N/A,N/A,N/A,N/A,N/A,N/A,N/A,N/A,N/A,N/A,N/A,N/A,N/A,N/A,N/A,N/A,N/A,N/A,N/A,N/A,N/A,N/A,N/A,N/A,N/A,N/A,N/A,N/A,N/A,N/A,N/A,N/A
Kentucky,6573275,147130,189716,5030576,112599,4749211,137070,2589418,58,2436193,70.3,2282061,51.1,2153830,62.2,3357855,2809920,324800,80700,199874,2074466,2753716,2520,905950,1181330,193242,1539,905716,1053608,193111,1395,2098793,58,2436193,70.3,47,1970689,56.9,2589418,687458,91.6,619948,82.6,281796,300272,37151,729,1470946,195979,875778,2587864,68,2281905,60,905937,1181301,193211,1456,5028234,132108,172701,345317,15.1,344971,16,287549,23.4,210169,33.9,122710,218379,4153,75,N/A,N/A,N/A,N/A,N/A,N/A,N/A,N/A,N/A,N/A,N/A,N/A,N/A,N/A,N/A,N/A,N/A,N/A,N/A,N/A,N/A,N/A,N/A,N/A,N/A,N/A,N/A,N/A,N/A,N/A,N/A,N/A,N/A,N/A,N/A,N/A,N/A,N/A,N/A,N/A
Louisiana,6413380,137958,180092,4954751,106581,4693463,131796,2518518,54.2,2373593,66.7,2230319,48,2113773,59.4,3321420,2685660,277600,128700,168198,2029250,2754736,2567,897643,1172110,159601,965,897155,1056226,159436,956,2077398,54.2,2373593,66.7,44.7,1961013,55.1,2518518,654257,88.3,620549,83.7,294429,304357,21565,198,1459615,196973,865478,2518164,64.2,2230165,56.8,897621,1172003,159577,964,4954277,126278,163468,288163,12.9,287798,13.6,243752,20,180077,29,85514,200798,1836,15,N/A,N/A,N/A,N/A,N/A,N/A,N/A,N/A,N/A,N/A,N/A,N/A,N/A,N/A,N/A,N/A,N/A,N/A,N/A,N/A,N/A,N/A,N/A,N/A,N/A,N/A,N/A,N/A,N/A,N/A,N/A,N/A,N/A,N/A,N/A,N/A,N/A,N/A,N/A,N/A
Massachusetts,12386140,179705,223589,10700379,155247,9953909,179683,5591943,81.1,5185124,93.6,4826732,70,4484078,80.9,6867120,4799920,535500,183600,350899,4085116,6258878,5486,1775551,2699925,351070,186,1770246,2363828,349847,157,4510691,81.1,5185124,93.6,65.4,4169245,75.3,5591943,1264698,99.9,1061064,90.7,478177,512760,70071,56,2606658,222919,1059250,5570337,92.6,4815185,80,1775540,2688400,351059,186,10666975,177288,205861,608754,12.6,608201,13.6,482930,21.3,350221,33,205306,399868,3419,161,N/A,N/A,N/A,N/A,N/A,N/A,N/A,N/A,N/A,N/A,N/A,N/A,N/A,N/A,N/A,N/A,N/A,N/A,N/A,N/A,N/A,N/A,N/A,N/A,N/A,N/A,N/A,N/A,N/A,N/A,N/A,N/A,N/A,N/A,N/A,N/A,N/A,N/A,N/A,N/A
Maryland,11272910,186462,239289,8756769,144843,8107876,172105,4435202,73.4,4092360,86.9,4009204,66.3,3707759,78.7,6389910,4184800,518900,179300,314375,3227308,5202276,12810,1418835,2285543,301458,3368,1418343,1984950,301245,3221,3749828,73.4,4092360,86.9,62,3448561,73.2,4435202,945777,98.6,871685,90.9,416639,401099,53030,917,2095925,218463,1175000,4433975,85.9,4008977,77.6,1418796,2285395,301421,3365,8755601,169587,218345,579951,14.5,579242,15.6,461490,24.4,325031,37.3,215983,355865,8005,98,N/A,N/A,N/A,N/A,N/A,N/A,N/A,N/A,N/A,N/A,N/A,N/A,N/A,N/A,N/A,N/A,N/A,N/A,N/A,N/A,N/A,N/A,N/A,N/A,N/A,N/A,N/A,N/A,N/A,N/A,N/A,N/A,N/A,N/A,N/A,N/A,N/A,N/A,N/A,N/A
Maine,2459400,182962,224527,2026468,150755,1909773,174350,1042363,77.5,981658,89.6,954301,71,899508,82.1,1278000,1010600,135700,35100,124134,810652,1089779,1903,359650,473015,121233,403,359588,418399,121158,363,840963,77.5,981658,89.6,62.6,786237,71.8,1042363,300668,99.9,272161,95.4,123791,124855,23335,180,650917,228180,862146,1042106,87.9,954262,80.5,359643,473006,121213,400,2026193,170996,207556,142177,14.9,142091,15.8,123989,23.4,95800,35.2,48004,92642,1379,152,N/A,N/A,N/A,N/A,N/A,N/A,N/A,N/A,N/A,N/A,N/A,N/A,N/A,N/A,N/A,N/A,N/A,N/A,N/A,N/A,N/A,N/A,N/A,N/A,N/A,N/A,N/A,N/A,N/A,N/A,N/A,N/A,N/A,N/A,N/A,N/A,N/A,N/A,N/A,N/A
Michigan,15267770,152879,194669,11775855,117914,11115115,141722,5860936,58.7,5513629,70.3,5371650,53.8,5064471,64.6,7985010,6265160,784500,233100,389971,4565915,6814379,5590,2032493,2954468,383740,949,2031827,2648310,383457,877,5016309,58.7,5513629,70.3,50.2,4709379,60,5860936,1612806,91.4,1500158,85,748420,683479,67713,546,3572789,202378,864833,5856695,68.1,5371513,62.5,2032474,2954373,383720,946,11771553,136958,177635,892066,16.6,891274,17.6,737560,25.1,539232,35.9,294339,590161,7539,27,N/A,N/A,N/A,N/A,N/A,N/A,N/A,N/A,N/A,N/A,N/A,N/A,N/A,N/A,N/A,N/A,N/A,N/A,N/A,N/A,N/A,N/A,N/A,N/A,N/A,N/A,N/A,N/A,N/A,N/A,N/A,N/A,N/A,N/A,N/A,N/A,N/A,N/A,N/A,N/A
Minnesota,8915880,158093,205602,7526806,133463,6997338,161360,3715542,65.9,3438495,79.3,3471790,61.6,3222003,74.3,4975080,3344700,424800,171300,312857,2739506,4465834,8609,1235384,1928792,306814,800,1233165,1681771,306313,754,3199502,65.9,3438495,79.3,56.7,2950206,68,3715542,905819,98.4,860863,93.5,361601,449842,49194,226,2095138,227638,968715,3698007,77.4,3463633,72.5,1235375,1920658,306800,800,7500847,156984,186599,619675,17.8,619141,19.2,499761,29.1,374595,43.5,173639,439939,5474,623,N/A,N/A,N/A,N/A,N/A,N/A,N/A,N/A,N/A,N/A,N/A,N/A,N/A,N/A,N/A,N/A,N/A,N/A,N/A,N/A,N/A,N/A,N/A,N/A,N/A,N/A,N/A,N/A,N/A,N/A,N/A,N/A,N/A,N/A,N/A,N/A,N/A,N/A,N/A,N/A
Missouri,8696155,141691,182430,6937238,113032,6538608,137169,3519135,57.3,3304354,69.3,3073465,50.1,2892759,60.7,4852035,3422920,363900,57300,217524,2471446,4245263,3005,1081070,1775249,216613,533,1080662,1595299,216371,427,2871671,57.3,3304354,69.3,46.8,2691184,56.5,3519135,957270,90.1,858155,80.8,389662,430216,38107,170,2091464,196929,818818,3517911,67.2,3073390,58.7,1081057,1775211,216589,533,6935965,132474,166093,426845,13.9,426405,14.7,356470,21.7,270006,31.5,121473,302499,2823,50,N/A,N/A,N/A,N/A,N/A,N/A,N/A,N/A,N/A,N/A,N/A,N/A,N/A,N/A,N/A,N/A,N/A,N/A,N/A,N/A,N/A,N/A,N/A,N/A,N/A,N/A,N/A,N/A,N/A,N/A,N/A,N/A,N/A,N/A,N/A,N/A,N/A,N/A,N/A,N/A
Mississippi,4225625,141983,185532,3030894,101839,2855939,125394,1559824,52.4,1462758,64.2,1369586,46,1290805,56.7,2214285,1756540,193600,61200,76569,1233513,1718839,1973,543189,750022,75835,540,542885,671651,75748,521,1296732,52.4,1462758,64.2,43.6,1218034,53.5,1559824,421248,86.6,390535,80.2,199396,174057,16823,259,900895,185105,868232,1559580,61.9,1369503,54.3,543178,749963,75822,540,3030590,120194,167589,154052,11.2,153796,11.9,133858,17.4,98227,25.2,61935,91138,783,196,N/A,N/A,N/A,N/A,N/A,N/A,N/A,N/A,N/A,N/A,N/A,N/A,N/A,N/A,N/A,N/A,N/A,N/A,N/A,N/A,N/A,N/A,N/A,N/A,N/A,N/A,N/A,N/A,N/A,N/A,N/A,N/A,N/A,N/A,N/A,N/A,N/A,N/A,N/A,N/A
Montana,1546615,144709,184079,1225383,114653,1159976,138061,613508,57.4,578246,68.8,543478,50.9,514108,61.2,777915,649700,91700,27300,50857,514623,658562,1341,221589,272830,48722,337,221477,243625,48675,331,498143,57.4,578246,68.8,46.6,468814,55.8,613508,186176,90.2,170495,82.6,81723,79138,9458,176,412452,199796,749195,613342,66.8,543427,59.2,221570,272804,48716,337,1225156,133518,168550,99122,18.2,98995,19.3,82045,27.1,61765,36.2,34740,63259,959,164,N/A,N/A,N/A,N/A,N/A,N/A,N/A,N/A,N/A,N/A,N/A,N/A,N/A,N/A,N/A,N/A,N/A,N/A,N/A,N/A,N/A,N/A,N/A,N/A,N/A,N/A,N/A,N/A,N/A,N/A,N/A,N/A,N/A,N/A,N/A,N/A,N/A,N/A,N/A,N/A
North Carolina,16624290,158506,203048,12672715,120830,11890242,145227,6866375,65.5,6439371,78.7,5579160,53.2,5233049,63.9,9064950,6440440,800900,318000,439219,4673034,7556951,3511,2010242,3141279,427522,117,2007343,2799467,426130,109,5166302,65.5,6439371,78.7,49.3,4821576,58.9,6866375,1849740,99.9,1443597,82.4,692825,702338,48385,49,3578940,204383,949366,6855376,76.3,5574084,62,2010184,3136281,427503,116,12656609,140856,185012,486714,8.7,486341,9.3,388856,13.6,274690,19,156692,325230,4777,15,N/A,N/A,N/A,N/A,N/A,N/A,N/A,N/A,N/A,N/A,N/A,N/A,N/A,N/A,N/A,N/A,N/A,N/A,N/A,N/A,N/A,N/A,N/A,N/A,N/A,N/A,N/A,N/A,N/A,N/A,N/A,N/A,N/A,N/A,N/A,N/A,N/A,N/A,N/A,N/A
North Dakota,1080390,141772,185669,833932,109431,789987,135762,423822,55.6,400051,68.8,365140,47.9,345851,59.4,592590,421800,47400,18600,33925,325129,473983,895,137075,195262,32796,7,136875,176314,32655,7,334121,55.6,400051,68.8,43.8,314968,54.1,423822,113194,94.5,97368,81.2,46519,46698,4151,0,245366,204736,901489,422628,66.3,364764,57.2,137070,194894,32793,7,832306,130610,169540,62099,17,62054,17.9,49958,26.9,36674,37.7,21292,40334,471,2,N/A,N/A,N/A,N/A,N/A,N/A,N/A,N/A,N/A,N/A,N/A,N/A,N/A,N/A,N/A,N/A,N/A,N/A,N/A,N/A,N/A,N/A,N/A,N/A,N/A,N/A,N/A,N/A,N/A,N/A,N/A,N/A,N/A,N/A,N/A,N/A,N/A,N/A,N/A,N/A
Nebraska,2934560,151703,201227,2388949,123498,2229037,152848,1187006,61.4,1102642,75.6,1093174,56.5,1018212,69.8,1649940,1090420,131200,63000,82271,871755,1429641,5282,392544,618042,81234,1354,392387,543370,81160,1295,1018266,61.4,1102642,75.6,52.6,943373,64.7,1187006,294334,94.2,278721,89.2,135452,135846,6584,839,684095,218940,939185,1186524,73.4,1093076,67.6,392520,617988,81216,1352,2388370,147667,181436,163914,15,163727,16.1,131524,24.4,99891,35.8,44077,118740,999,98,N/A,N/A,N/A,N/A,N/A,N/A,N/A,N/A,N/A,N/A,N/A,N/A,N/A,N/A,N/A,N/A,N/A,N/A,N/A,N/A,N/A,N/A,N/A,N/A,N/A,N/A,N/A,N/A,N/A,N/A,N/A,N/A,N/A,N/A,N/A,N/A,N/A,N/A,N/A,N/A
New Hampshire,2435370,179109,220504,1966626,144636,1838184,166433,1069547,78.7,1008890,91.3,860830,63.3,810596,73.4,1331190,935780,142900,25500,96792,746356,1123409,69,327863,460247,72654,66,327606,410330,72598,62,789115,78.7,1008890,91.3,58,738936,66.9,1069547,326478,99.9,227820,89.7,95552,117349,14886,33,556418,219180,959321,1068626,89.2,860594,71.8,327758,460142,72628,66,1965484,163986,203190,23951,2.8,23920,3,19687,4.2,14315,6.3,6117,17666,161,7,N/A,N/A,N/A,N/A,N/A,N/A,N/A,N/A,N/A,N/A,N/A,N/A,N/A,N/A,N/A,N/A,N/A,N/A,N/A,N/A,N/A,N/A,N/A,N/A,N/A,N/A,N/A,N/A,N/A,N/A,N/A,N/A,N/A,N/A,N/A,N/A,N/A,N/A,N/A,N/A
New Jersey,15647575,176168,225352,12604415,141907,11704421,168564,6735119,75.8,6245730,89.9,5929982,66.8,5509225,79.3,8668395,5947980,766300,264900,467787,4805556,7327754,3318,2156685,3307510,465571,216,2156070,2887690,465264,201,5492438,75.8,6245730,89.9,61.8,5071974,73,6735119,1476478,99.9,1300524,88.1,605524,607680,87257,63,3036745,205806,1060470,6728029,88.3,5929741,77.8,2156649,3307387,465489,216,12597182,165353,205393,721776,12.2,720840,13.1,585593,20.6,400199,30.8,264514,447999,9256,7,N/A,N/A,N/A,N/A,N/A,N/A,N/A,N/A,N/A,N/A,N/A,N/A,N/A,N/A,N/A,N/A,N/A,N/A,N/A,N/A,N/A,N/A,N/A,N/A,N/A,N/A,N/A,N/A,N/A,N/A,N/A,N/A,N/A,N/A,N/A,N/A,N/A,N/A,N/A,N/A
New Mexico,3361245,160301,207357,2897650,138192,2695526,166289,1528799,72.9,1411527,87.1,1310545,62.5,1212117,74.8,1774065,1356980,164800,65400,99902,1177135,1614420,6193,516609,693330,98908,1698,516224,595453,98765,1675,1217385,72.9,1411527,87.1,58.1,1119090,69,1528799,384689,99.9,335376,88.8,156121,158436,19936,883,799748,211794,890146,1527697,85.5,1310454,73.3,516589,693271,98896,1698,2896543,162051,188049,215886,16.5,215628,17.8,169245,25.9,114613,34.2,57912,156853,1089,32,N/A,N/A,N/A,N/A,N/A,N/A,N/A,N/A,N/A,N/A,N/A,N/A,N/A,N/A,N/A,N/A,N/A,N/A,N/A,N/A,N/A,N/A,N/A,N/A,N/A,N/A,N/A,N/A,N/A,N/A,N/A,N/A,N/A,N/A,N/A,N/A,N/A,N/A,N/A,N/A
Nevada,4481390,145492,187701,3718609,120728,3488440,146112,1970484,64,1841631,77.1,1644160,53.4,1545981,64.8,2602170,1597920,223400,57900,161100,1299496,2257321,692,565947,920861,157309,43,565847,822828,157265,41,1492718,64,1841631,77.1,48.5,1394582,58.4,1970484,457173,92.2,393915,79.4,183056,186231,24603,25,958173,193191,903557,1970191,75.1,1644119,62.7,565943,920828,157305,43,3718361,141825,170928,180031,10.9,179911,11.6,151009,18.9,113662,28.9,57863,120615,1553,0,N/A,N/A,N/A,N/A,N/A,N/A,N/A,N/A,N/A,N/A,N/A,N/A,N/A,N/A,N/A,N/A,N/A,N/A,N/A,N/A,N/A,N/A,N/A,N/A,N/A,N/A,N/A,N/A,N/A,N/A,N/A,N/A,N/A,N/A,N/A,N/A,N/A,N/A,N/A,N/A
New York,33087485,170084,214502,28044136,144159,26254524,170205,14587895,75,13632667,88.4,13068365,67.2,12231778,79.3,18714465,12374320,1571500,427200,1195831,10257905,16575847,14553,4627654,7306207,1131640,2864,4625642,6472666,1130819,2651,11970897,75,13632667,88.4,61.5,11135089,72.2,14587895,3163623,96,2830150,85.9,1336435,1316181,176330,1204,6500869,197226,1003820,14581675,86.9,13067481,77.9,4627440,7305720,1131492,2829,28037207,167155,197264,977216,7.5,976110,8,808963,13.3,576003,20.4,299457,668618,9113,28,N/A,N/A,N/A,N/A,N/A,N/A,N/A,N/A,N/A,N/A,N/A,N/A,N/A,N/A,N/A,N/A,N/A,N/A,N/A,N/A,N/A,N/A,N/A,N/A,N/A,N/A,N/A,N/A,N/A,N/A,N/A,N/A,N/A,N/A,N/A,N/A,N/A,N/A,N/A,N/A
Ohio,17075575,146081,187415,13350925,114217,12611145,138415,6570692,56.2,6180942,67.8,6096447,52.2,5753778,63.2,9250035,6770540,808100,246900,528582,5102455,7698007,21881,2249143,3339277,503360,4667,2248628,2997445,503136,4569,5630914,56.2,6180942,67.8,48.2,5288449,58,6570692,1818199,88.9,1732935,84.7,783024,859914,87678,2319,4141253,202376,834453,6565679,65.7,6096340,61,2249137,3339190,503349,4664,13345694,133448,170744,917007,15,915906,15.9,772914,23.1,590699,34.1,307179,598625,11005,198,N/A,N/A,N/A,N/A,N/A,N/A,N/A,N/A,N/A,N/A,N/A,N/A,N/A,N/A,N/A,N/A,N/A,N/A,N/A,N/A,N/A,N/A,N/A,N/A,N/A,N/A,N/A,N/A,N/A,N/A,N/A,N/A,N/A,N/A,N/A,N/A,N/A,N/A,N/A,N/A
Oklahoma,5544410,140118,184523,4590374,116007,4314104,143577,2380198,60.2,2229933,74.2,1997888,50.5,1873664,62.4,2829210,2400800,282000,32400,129064,1867386,2592649,1275,788509,1082819,126400,160,788249,958967,126309,139,1876573,60.2,2229933,74.2,47.4,1752436,58.3,2380198,622662,98,524994,82.7,266068,239312,19575,39,1304452,205383,872954,2379634,71.6,1997814,60.1,788491,1082779,126385,159,4589773,138029,166738,267174,13.4,266920,14.2,224176,21.9,167324,31.9,101278,163966,1916,14,N/A,N/A,N/A,N/A,N/A,N/A,N/A,N/A,N/A,N/A,N/A,N/A,N/A,N/A,N/A,N/A,N/A,N/A,N/A,N/A,N/A,N/A,N/A,N/A,N/A,N/A,N/A,N/A,N/A,N/A,N/A,N/A,N/A,N/A,N/A,N/A,N/A,N/A,N/A,N/A
Oregon,7517725,178241,224331,5777655,136985,5405637,161306,2903671,68.8,2707372,80.8,2666106,63.2,2492224,74.4,4072125,2961100,408300,76200,237501,2137566,3397117,5471,951951,1483819,229069,1267,949117,1313657,228261,1189,2455904,68.8,2707372,80.8,58.2,2282817,68.1,2903671,717828,93.7,672849,87.8,303758,317764,50763,564,1586636,207111,981324,2895243,79.4,2660299,72.9,951947,1478023,229066,1263,5763194,157992,206091,399930,15,399585,16,317118,24.9,241962,36,126719,268705,4340,166,N/A,N/A,N/A,N/A,N/A,N/A,N/A,N/A,N/A,N/A,N/A,N/A,N/A,N/A,N/A,N/A,N/A,N/A,N/A,N/A,N/A,N/A,N/A,N/A,N/A,N/A,N/A,N/A,N/A,N/A,N/A,N/A,N/A,N/A,N/A,N/A,N/A,N/A,N/A,N/A
Pennsylvania,21904415,171102,215438,18110973,141470,17066940,167860,10214769,79.8,9629239,94.7,7819038,61.1,7371681,72.5,11498175,8803340,1271100,331800,693613,7084818,10331228,1314,2929316,4198991,690166,565,2926764,3754722,689672,523,7147140,79.8,9629239,94.7,55.8,6700248,65.9,10214769,3014742,99.9,2188727,91.4,1027836,1069625,91011,255,5562436,232411,915215,10210469,92.1,7817335,70.5,2929170,4197504,690096,565,18105086,163381,197666,666798,8.5,665970,9,550863,13,401737,18.4,239973,421094,5711,20,N/A,N/A,N/A,N/A,N/A,N/A,N/A,N/A,N/A,N/A,N/A,N/A,N/A,N/A,N/A,N/A,N/A,N/A,N/A,N/A,N/A,N/A,N/A,N/A,N/A,N/A,N/A,N/A,N/A,N/A,N/A,N/A,N/A,N/A,N/A,N/A,N/A,N/A,N/A,N/A
Rhode Island,1900305,179382,222293,1606608,151658,1502826,175797,836531,79,779655,91.2,755703,71.3,705562,82.5,1048545,741760,83900,26100,56465,602967,945567,1609,271485,428745,55223,250,271392,378722,55200,248,705878,79,779655,91.2,66.6,655760,76.7,836531,197918,99.9,179761,96.1,81181,92124,6367,89,435616,232892,1015960,835799,90.1,755651,81.5,271480,428700,55222,249,1605871,173141,204887,106351,14.1,106207,15.1,90093,24,67440,37.5,36383,69141,821,6,N/A,N/A,N/A,N/A,N/A,N/A,N/A,N/A,N/A,N/A,N/A,N/A,N/A,N/A,N/A,N/A,N/A,N/A,N/A,N/A,N/A,N/A,N/A,N/A,N/A,N/A,N/A,N/A,N/A,N/A,N/A,N/A,N/A,N/A,N/A,N/A,N/A,N/A,N/A,N/A
South Carolina,7910725,153645,195930,5839721,113421,5523299,136799,2993419,58.1,2819135,69.8,2593961,50.4,2449475,60.7,4060605,3314420,388400,147300,193519,2246329,3396814,3059,960349,1446948,186356,308,958350,1305053,185767,305,2419572,58.1,2819135,69.8,47,2275668,56.4,2993419,890356,95,781245,83.4,332269,419409,29384,183,1904465,203246,844240,2987118,67.6,2591100,58.6,960263,1444218,186312,307,5830447,131911,178977,365286,14.1,364937,14.9,317241,21.7,250046,32,105369,255495,4224,198,N/A,N/A,N/A,N/A,N/A,N/A,N/A,N/A,N/A,N/A,N/A,N/A,N/A,N/A,N/A,N/A,N/A,N/A,N/A,N/A,N/A,N/A,N/A,N/A,N/A,N/A,N/A,N/A,N/A,N/A,N/A,N/A,N/A,N/A,N/A,N/A,N/A,N/A,N/A,N/A
South Dakota,1397995,158026,209419,1060224,119845,994428,148965,556494,62.9,519374,77.8,471405,53.3,443177,66.4,716715,576580,76500,28200,34058,418480,607520,166,182798,254829,33755,23,182735,226689,33730,23,439221,62.9,519374,77.8,49.6,411015,61.6,556494,157929,99.9,135674,89.3,67729,63358,4572,15,326070,214702,920515,556395,75.4,471389,63.9,182796,254817,33753,23,1060124,143629,189404,70874,15,70825,16,59562,23.5,44743,33,24595,45782,496,1,N/A,N/A,N/A,N/A,N/A,N/A,N/A,N/A,N/A,N/A,N/A,N/A,N/A,N/A,N/A,N/A,N/A,N/A,N/A,N/A,N/A,N/A,N/A,N/A,N/A,N/A,N/A,N/A,N/A,N/A,N/A,N/A,N/A,N/A,N/A,N/A,N/A,N/A,N/A,N/A
Tennessee,9590050,140428,180294,7599799,111284,7226278,135855,3747384,54.9,3544057,66.6,3276561,48,3113609,58.5,5329890,3746860,440400,72900,221087,2891074,4451991,35647,1208575,1849248,209909,8829,1208071,1687144,209644,8750,3081119,54.9,3544057,66.6,45.1,2918377,54.9,3747384,1003154,87.7,918799,80.4,454662,425634,33704,4799,2303530,201464,838736,3746586,64.2,3276370,56.1,1208555,1849127,209862,8826,7598854,130216,164338,491487,15,490656,15.8,407864,22.9,302666,32.9,167768,318608,3876,1235,N/A,N/A,N/A,N/A,N/A,N/A,N/A,N/A,N/A,N/A,N/A,N/A,N/A,N/A,N/A,N/A,N/A,N/A,N/A,N/A,N/A,N/A,N/A,N/A,N/A,N/A,N/A,N/A,N/A,N/A,N/A,N/A,N/A,N/A,N/A,N/A,N/A,N/A,N/A,N/A
Texas,46164335,159210,213763,35175498,121312,32351824,149804,17914285,61.8,16405215,76,15565536,53.7,14337773,66.4,25380735,17541400,2276200,966000,1309210,13274023,20589635,2630,5669007,8692664,1203573,292,5665063,7470292,1202144,274,14426241,61.8,16405215,76,49.8,13199848,61.1,17914285,3398513,91,3061308,82,1461107,1433111,166983,107,7515459,201259,1236250,17902169,74.3,15563271,64.6,5668469,8691211,1203300,291,35161093,145890,191544,1839548,11.8,1835665,12.8,1421054,21,943824,30.8,730525,1093385,15575,63,N/A,N/A,N/A,N/A,N/A,N/A,N/A,N/A,N/A,N/A,N/A,N/A,N/A,N/A,N/A,N/A,N/A,N/A,N/A,N/A,N/A,N/A,N/A,N/A,N/A,N/A,N/A,N/A,N/A,N/A,N/A,N/A,N/A,N/A,N/A,N/A,N/A,N/A,N/A,N/A
Utah,4593120,143268,201915,3779942,117904,3428762,150730,1975519,61.6,1788376,78.6,1734414,54.1,1574768,69.2,2603700,1657020,207000,125400,154099,1359049,2266295,499,604487,979043,150844,40,604095,819971,150669,33,1589444,61.6,1788376,78.6,49.6,1429958,62.9,1975519,355777,97.2,318090,86.9,135174,167048,15865,3,775654,212001,1255390,1974818,76.2,1734075,66.9,604453,978773,150809,40,3778931,145778,177186,170580,9.8,170146,10.8,135917,20.5,104363,32.8,34550,134985,913,132,N/A,N/A,N/A,N/A,N/A,N/A,N/A,N/A,N/A,N/A,N/A,N/A,N/A,N/A,N/A,N/A,N/A,N/A,N/A,N/A,N/A,N/A,N/A,N/A,N/A,N/A,N/A,N/A,N/A,N/A,N/A,N/A,N/A,N/A,N/A,N/A,N/A,N/A,N/A,N/A
Virginia,14514675,170050,217459,12064379,141343,11174880,167422,6128148,71.8,5659562,84.8,5423258,63.5,5016168,75.2,8196255,5401120,666800,250500,425147,4315142,7310830,13260,1876109,3136658,407704,2787,1870550,2736860,406165,2593,5057226,71.8,5659562,84.8,59.2,4651657,69.7,6128148,1342291,98.8,1194864,87.9,559134,565653,69213,864,2926195,215335,1068120,6103895,83.5,5411160,74.1,1875939,3124834,407609,2778,12026867,164594,198641,745224,13.7,744364,14.8,596725,23.5,424697,35.5,264891,471184,8414,735,N/A,N/A,N/A,N/A,N/A,N/A,N/A,N/A,N/A,N/A,N/A,N/A,N/A,N/A,N/A,N/A,N/A,N/A,N/A,N/A,N/A,N/A,N/A,N/A,N/A,N/A,N/A,N/A,N/A,N/A,N/A,N/A,N/A,N/A,N/A,N/A,N/A,N/A,N/A,N/A
Vermont,1208620,193693,236992,1013744,162462,951030,186482,501856,80.4,468266,91.8,447124,71.7,417516,81.9,615420,511500,65200,16500,46478,396238,570163,865,166663,236348,43856,257,166613,206882,43782,239,408877,80.4,468266,91.8,65.5,379325,74.4,501856,134386,99.9,122359,97.9,58924,60869,2414,152,320768,256534,966594,501416,91,447079,81.1,166652,236331,43840,256,1013306,183920,219370,90907,20.3,90825,21.8,75920,31.8,56502,46.2,28929,60802,1161,15,N/A,N/A,N/A,N/A,N/A,N/A,N/A,N/A,N/A,N/A,N/A,N/A,N/A,N/A,N/A,N/A,N/A,N/A,N/A,N/A,N/A,N/A,N/A,N/A,N/A,N/A,N/A,N/A,N/A,N/A,N/A,N/A,N/A,N/A,N/A,N/A,N/A,N/A,N/A,N/A
Washington,12997895,170690,218385,10552611,138579,9856138,165598,5320044,69.9,4955874,83.3,4863145,63.9,4538131,76.2,7195035,4926960,657300,218600,418559,3944679,6181419,7954,1769632,2678620,412343,2550,1768910,2354690,412035,2496,4478121,69.9,4955874,83.3,58.8,4153380,69.8,5320044,1168031,96.6,1088848,90,496142,535348,55992,1366,2628942,217318,1074450,5318944,81.8,4862857,74.8,1769575,2678418,412316,2548,10551369,162306,199939,659938,13.6,658964,14.5,533311,24.1,394895,36.3,207978,446334,5476,150,N/A,N/A,N/A,N/A,N/A,N/A,N/A,N/A,N/A,N/A,N/A,N/A,N/A,N/A,N/A,N/A,N/A,N/A,N/A,N/A,N/A,N/A,N/A,N/A,N/A,N/A,N/A,N/A,N/A,N/A,N/A,N/A,N/A,N/A,N/A,N/A,N/A,N/A,N/A,N/A
Wisconsin,8677785,149041,190476,7553212,129726,7104317,155939,3678315,63.2,3440764,75.5,3415322,58.7,3208063,70.4,4786605,3329180,390400,171600,289119,2863135,4397806,3152,1265972,1871244,277620,486,1265646,1664534,277420,463,3158463,63.2,3440764,75.5,54.2,2951375,64.8,3678315,988376,97.2,937210,92.1,450785,457233,28987,205,2310180,227102,853069,3675937,73.5,3415122,68.3,1265956,1871079,277602,485,7550869,151024,173563,590297,17.3,589779,18.4,477515,26.2,354351,37.8,166167,420084,3994,52,N/A,N/A,N/A,N/A,N/A,N/A,N/A,N/A,N/A,N/A,N/A,N/A,N/A,N/A,N/A,N/A,N/A,N/A,N/A,N/A,N/A,N/A,N/A,N/A,N/A,N/A,N/A,N/A,N/A,N/A,N/A,N/A,N/A,N/A,N/A,N/A,N/A,N/A,N/A,N/A
West Virginia,3238705,180716,226075,1594626,88979,1520444,106133,881224,49.2,837272,58.4,736505,41.1,704720,49.2,1773825,1289680,137100,38100,42314,708539,843236,537,320024,371759,44460,262,319720,340372,44390,238,692454,49.2,837272,58.4,38.6,660733,46.1,881224,297443,81,263541,71.8,134050,122514,6868,109,571583,155740,882454,880490,56.5,736202,47.3,319935,371559,44446,262,1593549,102292,207898,47963,6.5,47917,6.8,39125,8.7,27585,10.5,11701,36121,130,11,N/A,N/A,N/A,N/A,N/A,N/A,N/A,N/A,N/A,N/A,N/A,N/A,N/A,N/A,N/A,N/A,N/A,N/A,N/A,N/A,N/A,N/A,N/A,N/A,N/A,N/A,N/A,N/A,N/A,N/A,N/A,N/A,N/A,N/A,N/A,N/A,N/A,N/A,N/A,N/A
Wyoming,772165,133417,173510,587899,101579,558090,125406,297807,51.5,281256,63.2,256745,44.4,243565,54.7,367005,346760,41600,16800,25282,258274,303817,526,108063,125131,23459,92,108044,111995,23436,90,234319,51.5,281256,63.2,40.5,221161,49.7,297807,87177,87.9,79035,79.7,40251,35123,3618,43,190081,191654,778557,297767,60.7,256734,52.3,108062,125123,23457,92,587857,119795,157353,43066,16.8,43001,17.7,36753,25.6,28051,35.5,14709,27975,357,25,N/A,N/A,N/A,N/A,N/A,N/A,N/A,N/A,N/A,N/A,N/A,N/A,N/A,N/A,N/A,N/A,N/A,N/A,N/A,N/A,N/A,N/A,N/A,N/A,N/A,N/A,N/A,N/A,N/A,N/A,N/A,N/A,N/A,N/A,N/A,N/A,N/A,N/A,N/A,N/A